subject_id,f,g,cx,cy,cz
Data_00,0.3,0,109,165,82
Data_01,0.5,0,,,
Data_02,0.5,0,,,
Data_03,0.3,0,113,161,82
Data_04,0.5,0,,,
Data_05,0.5,0,,,
Data_06,0.2,0,108,160,82
Data_07,0.3,0,106,164,82
Data_08,0.3,0,107,159,82
Data_09,0.4,0,104,158,82
Data_10,0.3,0,104,158,82
Data_11,0.2,0,106,161,82
Data_12,0.5,0,,,
Data_13,0.2,0,104,164,82
Data_14,0.5,0,,,
Data_15,0.55,0,141,95,87
Data_16,0.5,0,,,
Data_17,0.5,0,,,
Data_18,0.1,0,104,159,82
Data_19,0.4,0,105,162,82
Data_20,0.3,0,106,157,82
Data_21,0.55,0,147,96,87
Data_22,0.2,0,106,160,82
Data_23,0.3,0,103,164,82
Data_24,0.5,0,,,
Data_25,0.55,0,147,99,87
Data_26,0.5,0,,,
Data_27,0.55,0,149,100,87
Data_28,0.5,0,,,
Data_29,0.55,0,136,92,87
Data_30,0.55,0,148,98,87
Data_31,0.55,0,139,93,87
Data_32,0.5,0,,,
Data_33,0.55,-0.15,116,158,82
Data_34,0.4,0,112,160,83
Data_35,0.65,-0.075,120,156,82
Data_36,0.45,0,92,175,82
Data_37,0.5,0,,,
Data_38,0.5,0,,,
Data_39,0.3,0,110,159,82
Data_40,0.55,0,139,96,87
Data_41,0.5,0,,,
Data_42,0.2,0,117,162,82
Data_43,0.5,0,,,
Data_44,0.2,0,104,166,82
Data_45,0.55,0,147,93,86
Data_46,0.3,0,116,151,81
Data_47,0.2,0,108,163,82
Data_48,0.3,0,111,158,82
Data_49,0.3,0,104,164,82
