subject_id,split,f,g,cx,cy,cz,centre_mode,qc_status,note
Data_00,train,0.3,0,109,165,82,Specified voxel centre,Sampled slices reviewed; routine boundary concerns remain,Neck and facial remnants are substantially reduced compared with the default result; the main brain boundary is relatively complete.
Data_01,train,0.5,0,,,,Automatic BET initial centre,Sampled slices reviewed; routine boundary concerns remain,Default parameters retained; small residual tissue at the skull base requires attention.
Data_02,train,0.5,0,,,,Automatic BET initial centre,Sampled slices reviewed; routine boundary concerns remain,Default parameters retained; inspect local cerebellar boundaries and internal indentations.
Data_03,train,0.3,0,113,161,82,Specified voxel centre,Sampled slices reviewed; routine boundary concerns remain,Main brain extraction improved; small remnants remain at the frontal base and skull base.
Data_04,train,0.5,0,,,,Automatic BET initial centre,Sampled slices reviewed; routine boundary concerns remain,Default parameters retained; inspect small skull-base remnants.
Data_05,train,0.5,0,,,,Automatic BET initial centre,Sampled slices reviewed; routine boundary concerns remain,Default parameters retained; inspect small remnants at the skull base and near the optic nerves.
Data_06,train,0.2,0,108,160,82,Specified voxel centre,Sampled slices reviewed; routine boundary concerns remain,Lowering the threshold substantially improves brain coverage; inspect frontoparietal and inferior temporal boundaries.
Data_07,train,0.3,0,106,164,82,Specified voxel centre,Sampled slices reviewed; routine boundary concerns remain,"Main brain coverage is relatively complete, with slightly irregular local lateral boundaries."
Data_08,train,0.3,0,107,159,82,Specified voxel centre,Sampled slices reviewed; routine boundary concerns remain,Main brain coverage is relatively complete; inspect boundaries near the superior midline.
Data_09,train,0.4,0,104,158,82,Specified voxel centre,Sampled slices reviewed; routine boundary concerns remain,Raising the threshold reduces facial remnants; skull-base boundaries still require attention.
Data_10,train,0.3,0,104,158,82,Specified voxel centre,Sampled slices reviewed; routine boundary concerns remain,A threshold of 0.3 balances coverage and residual tissue; 0.2 leaves more facial remnants. Inspect cerebellar boundaries.
Data_11,train,0.2,0,106,161,82,Specified voxel centre,Sampled slices reviewed; routine boundary concerns remain,Lowering the threshold improves superior brain coverage; low signal at the midline cannot alone establish extraction failure.
Data_12,train,0.5,0,,,,Automatic BET initial centre,Sampled slices reviewed; routine boundary concerns remain,Default parameters retained; small remnants at the skull base or near vessels require attention.
Data_13,train,0.2,0,104,164,82,Specified voxel centre,Sampled slices reviewed; routine boundary concerns remain,Lowering the threshold improves coverage; inspect local frontal-base and cerebellar boundaries.
Data_14,train,0.5,0,,,,Automatic BET initial centre,Sampled slices reviewed; routine boundary concerns remain,Default parameters retained; inspect small skull-base remnants.
Data_15,train,0.55,0,141,95,87,Specified voxel centre,Sampled slices reviewed; routine boundary concerns remain,Adjusting the centre and raising the threshold improves boundaries; small remnants remain in the orbital region and inferior temporal areas.
Data_16,train,0.5,0,,,,Automatic BET initial centre,Sampled slices reviewed; routine boundary concerns remain,Default parameters retained; inspect small skull-base remnants.
Data_17,train,0.5,0,,,,Automatic BET initial centre,Sampled slices reviewed; routine boundary concerns remain,Default parameters retained; inspect small remnants near the orbital region.
Data_18,train,0.1,0,104,159,82,Specified voxel centre,Sampled slices reviewed; routine boundary concerns remain,A threshold of 0.1 improves lateral frontal coverage; small skull-base remnants remain. Inspect frontoparietal boundaries.
Data_19,train,0.4,0,105,162,82,Specified voxel centre,Sampled slices reviewed; routine boundary concerns remain,Raising the threshold reduces peripheral head remnants; main brain coverage is relatively complete.
Data_20,train,0.3,0,106,157,82,Specified voxel centre,Sampled slices reviewed; routine boundary concerns remain,Main brain coverage is relatively complete; inspect small skull-base remnants.
Data_21,train,0.55,0,147,96,87,Specified voxel centre,Sampled slices reviewed; routine boundary concerns remain,Adjusting the centre improves boundaries; inspect inferior cerebellar indentations and remnants near the optic nerves.
Data_22,train,0.2,0,106,160,82,Specified voxel centre,Sampled slices reviewed; routine boundary concerns remain,Lowering the threshold improves cerebellar coverage; inferior temporal boundaries still require attention.
Data_23,train,0.3,0,103,164,82,Specified voxel centre,Sampled slices reviewed; routine boundary concerns remain,Main brain coverage is relatively complete; inspect local skull-base remnants.
Data_24,train,0.5,0,,,,Automatic BET initial centre,Sampled slices reviewed; routine boundary concerns remain,Default parameters retained; small remnants near the optic nerves and clivus require attention.
Data_25,train,0.55,0,147,99,87,Specified voxel centre,Sampled slices reviewed; routine boundary concerns remain,Adjusting the centre improves boundaries; small remnants remain in the inferior orbital region.
Data_26,train,0.5,0,,,,Automatic BET initial centre,Sampled slices reviewed; routine boundary concerns remain,Default parameters retained; inspect local skull-base remnants.
Data_27,train,0.55,0,149,100,87,Specified voxel centre,Sampled slices reviewed; routine boundary concerns remain,Adjusting the centre improves boundaries; small anterior orbital remnants require attention.
Data_28,train,0.5,0,,,,Automatic BET initial centre,Sampled slices reviewed; routine boundary concerns remain,Default parameters retained; inspect small skull-base remnants.
Data_29,train,0.55,0,136,92,87,Specified voxel centre,Sampled slices reviewed; routine boundary concerns remain,Adjusting the centre gives a closer main brain boundary; routine slice-by-slice review is still needed.
Data_30,train,0.55,0,148,98,87,Specified voxel centre,Sampled slices reviewed; routine boundary concerns remain,Adjusting the centre improves boundaries; small remnants remain near the orbital region and optic nerves.
Data_31,train,0.55,0,139,93,87,Specified voxel centre,Sampled slices reviewed; routine boundary concerns remain,Adjusting the centre improves boundaries; inspect small skull-base remnants.
Data_32,train,0.5,0,,,,Automatic BET initial centre,Sampled slices reviewed; routine boundary concerns remain,Default parameters retained; inspect local skull-base and cerebellar indentations.
Data_33,train,0.55,-0.15,116,158,82,Specified voxel centre,Improved after review; local boundary concerns remain,"Additional review on 2026-10-08: f=0.55, g=-0.15 reduces scalp-strip remnants at the top and one side. Small peripheral remnants and local cortical-boundary risks remain; the image has blur/ghosting."
Data_34,train,0.4,0,112,160,83,Specified voxel centre,Sampled slices reviewed; routine boundary concerns remain,Raising the threshold reduces peripheral remnants; small remnants at the frontal base and skull base require attention.
Data_35,train,0.65,-0.075,120,156,82,Specified voxel centre,Improved after review; local boundary concerns remain,"Additional review on 2026-10-08: f=0.65, g=-0.075 reduces superior strip remnants. Small remnants and local cortical-boundary risks remain; more aggressive settings increase tissue omission."
Data_36,train,0.45,0,92,175,82,Specified voxel centre,Improved after review; local boundary concerns remain,"Additional review on 2026-10-08: changing the centre to (92,175,82) substantially reduces soft-tissue remnants anterior to the brainstem/near the clivus. Small skull-base remnants and local inferior cerebellar/superior boundaries still require attention."
Data_37,train,0.5,0,,,,Automatic BET initial centre,Sampled slices reviewed; routine boundary concerns remain,Default parameters retained; inspect small skull-base remnants.
Data_38,train,0.5,0,,,,Automatic BET initial centre,Sampled slices reviewed; routine boundary concerns remain,Default parameters retained; inspect small skull-base remnants.
Data_39,train,0.3,0,110,159,82,Specified voxel centre,Sampled slices reviewed; routine boundary concerns remain,Main brain coverage improved; inspect frontal midline and local skull-base boundaries.
Data_40,test,0.55,0,139,96,87,Specified voxel centre,Sampled slices reviewed; routine boundary concerns remain,Adjusting the centre removes extensive neck remnants and improves the main brain boundary.
Data_41,test,0.5,0,,,,Automatic BET initial centre,Sampled slices reviewed; routine boundary concerns remain,Default parameters retained; inspect small skull-base remnants.
Data_42,test,0.2,0,117,162,82,Specified voxel centre,Sampled slices reviewed; routine boundary concerns remain,Lowering the threshold improves obvious brain-tissue omission; inferior cerebellar and superior boundaries still require attention.
Data_43,test,0.5,0,,,,Automatic BET initial centre,Sampled slices reviewed; routine boundary concerns remain,Default parameters retained; inspect small skull-base remnants.
Data_44,test,0.2,0,104,166,82,Specified voxel centre,Review failed: previous result retained; further correction needed,"Review still failed after 36 additional candidates on 2026-10-08: suspected medial frontal omission and posterior scalp/skull-base remnants remain unresolved. No new candidate has a clear advantage, so previous parameters and outputs were retained. The review at that time recommended mask correction and reinspection before volume measurement."
Data_45,test,0.55,0,147,93,86,Specified voxel centre,Sampled slices reviewed; routine boundary concerns remain,Adjusting the centre improves boundaries; small remnants remain at the skull base and orbital region.
Data_46,test,0.3,0,116,151,81,Specified voxel centre,Sampled slices reviewed; routine boundary concerns remain,Main brain coverage improved; the source image is relatively blurred. Inspect local skull-base boundaries.
Data_47,test,0.2,0,108,163,82,Specified voxel centre,Sampled slices reviewed; routine boundary concerns remain,Lowering the threshold improves superior coverage; small superior lateral strips and CSF/cortical boundaries require attention.
Data_48,test,0.3,0,111,158,82,Specified voxel centre,Sampled slices reviewed; routine boundary concerns remain,Main brain coverage improved; inspect small skull-base remnants.
Data_49,test,0.3,0,104,164,82,Specified voxel centre,Sampled slices reviewed; routine boundary concerns remain,Main brain coverage improved; small remnants near the optic nerves require attention.
