subject_id,split,f,g,cx,cy,cz,中心模式,质控状态,备注
Data_00,train,0.3,0,109,165,82,指定体素中心,已查看抽样切片，仍有常规关注点,颈部和面部残留较默认结果明显减少，脑主体边界较完整。
Data_01,train,0.5,0,,,,BET 自动初始中心,已查看抽样切片，仍有常规关注点,保留默认参数；颅底有少量残留组织，需关注。
Data_02,train,0.5,0,,,,BET 自动初始中心,已查看抽样切片，仍有常规关注点,保留默认参数；注意小脑局部边界和内部凹陷。
Data_03,train,0.3,0,113,161,82,指定体素中心,已查看抽样切片，仍有常规关注点,脑主体提取改善；额底及颅底有少量残留。
Data_04,train,0.5,0,,,,BET 自动初始中心,已查看抽样切片，仍有常规关注点,保留默认参数；关注颅底少量残留。
Data_05,train,0.5,0,,,,BET 自动初始中心,已查看抽样切片，仍有常规关注点,保留默认参数；关注颅底及视神经附近少量残留。
Data_06,train,0.2,0,108,160,82,指定体素中心,已查看抽样切片，仍有常规关注点,降低阈值后脑组织覆盖明显改善；关注额顶部和颞叶底部边界。
Data_07,train,0.3,0,106,164,82,指定体素中心,已查看抽样切片，仍有常规关注点,脑主体覆盖较完整，外侧局部边界略不规则。
Data_08,train,0.3,0,107,159,82,指定体素中心,已查看抽样切片，仍有常规关注点,脑主体覆盖较完整，关注顶部中线附近边界。
Data_09,train,0.4,0,104,158,82,指定体素中心,已查看抽样切片，仍有常规关注点,提高阈值后面部残留减少，仍需关注颅底边界。
Data_10,train,0.3,0,104,158,82,指定体素中心,已查看抽样切片，仍有常规关注点,采用 0.3 在覆盖和残留之间折中；0.2 的面部残留较多。关注小脑边界。
Data_11,train,0.2,0,106,161,82,指定体素中心,已查看抽样切片，仍有常规关注点,降低阈值后顶部脑组织覆盖改善；中线低信号区不能直接判作漏提取。
Data_12,train,0.5,0,,,,BET 自动初始中心,已查看抽样切片，仍有常规关注点,保留默认参数；颅底或血管附近少量残留需关注。
Data_13,train,0.2,0,104,164,82,指定体素中心,已查看抽样切片，仍有常规关注点,降低阈值后覆盖改善；关注额底及小脑局部边界。
Data_14,train,0.5,0,,,,BET 自动初始中心,已查看抽样切片，仍有常规关注点,保留默认参数；关注颅底少量残留。
Data_15,train,0.55,0,141,95,87,指定体素中心,已查看抽样切片，仍有常规关注点,调整中心并提高阈值后边界改善；眶区和颞叶底部仍有少量残留。
Data_16,train,0.5,0,,,,BET 自动初始中心,已查看抽样切片，仍有常规关注点,保留默认参数；关注颅底少量残留。
Data_17,train,0.5,0,,,,BET 自动初始中心,已查看抽样切片，仍有常规关注点,保留默认参数；关注眶区附近少量残留。
Data_18,train,0.1,0,104,159,82,指定体素中心,已查看抽样切片，仍有常规关注点,采用 0.1 改善额叶外侧覆盖；仍有少量颅底残留，关注额顶部边界。
Data_19,train,0.4,0,105,162,82,指定体素中心,已查看抽样切片，仍有常规关注点,提高阈值后头部外围残留减少，脑主体覆盖较完整。
Data_20,train,0.3,0,106,157,82,指定体素中心,已查看抽样切片，仍有常规关注点,脑主体覆盖较完整；关注颅底少量残留。
Data_21,train,0.55,0,147,96,87,指定体素中心,已查看抽样切片，仍有常规关注点,调整中心后边界改善；关注小脑下缘凹陷和视神经附近残留。
Data_22,train,0.2,0,106,160,82,指定体素中心,已查看抽样切片，仍有常规关注点,降低阈值后小脑覆盖改善；颞叶底部仍需关注。
Data_23,train,0.3,0,103,164,82,指定体素中心,已查看抽样切片，仍有常规关注点,脑主体覆盖较完整；关注颅底局部残留。
Data_24,train,0.5,0,,,,BET 自动初始中心,已查看抽样切片，仍有常规关注点,保留默认参数；视神经及斜坡附近少量残留需关注。
Data_25,train,0.55,0,147,99,87,指定体素中心,已查看抽样切片，仍有常规关注点,调整中心后边界改善；眶区底部有少量残留。
Data_26,train,0.5,0,,,,BET 自动初始中心,已查看抽样切片，仍有常规关注点,保留默认参数；关注颅底局部残留。
Data_27,train,0.55,0,149,100,87,指定体素中心,已查看抽样切片，仍有常规关注点,调整中心后边界改善；眶前部少量残留需关注。
Data_28,train,0.5,0,,,,BET 自动初始中心,已查看抽样切片，仍有常规关注点,保留默认参数；关注颅底少量残留。
Data_29,train,0.55,0,136,92,87,指定体素中心,已查看抽样切片，仍有常规关注点,调整中心后脑主体边界较贴合，仍需常规逐层复核。
Data_30,train,0.55,0,148,98,87,指定体素中心,已查看抽样切片，仍有常规关注点,调整中心后边界改善；眶区及视神经附近仍有少量残留。
Data_31,train,0.55,0,139,93,87,指定体素中心,已查看抽样切片，仍有常规关注点,调整中心后边界改善；关注颅底少量残留。
Data_32,train,0.5,0,,,,BET 自动初始中心,已查看抽样切片，仍有常规关注点,保留默认参数；关注颅底及小脑局部凹陷。
Data_33,train,0.55,-0.15,116,158,82,指定体素中心,复核后已改善，仍需关注局部边界,2026-10-08 追加复核：采用 f=0.55、g=-0.15，顶部及一侧头皮条带残留减少；仍有少量外围残留和局部皮质边界风险，图像存在模糊/重影。
Data_34,train,0.4,0,112,160,83,指定体素中心,已查看抽样切片，仍有常规关注点,提高阈值后外围残留减少；额底及颅底少量残留需关注。
Data_35,train,0.65,-0.075,120,156,82,指定体素中心,复核后已改善，仍需关注局部边界,2026-10-08 追加复核：采用 f=0.65、g=-0.075，顶部条带残留减少；仍有小片残留及局部皮质边界风险，更激进的设置会增加遗漏。
Data_36,train,0.45,0,92,175,82,指定体素中心,复核后已改善，仍需关注局部边界,"2026-10-08 追加复核：中心改为 (92,175,82)，脑干前方/斜坡附近软组织残留明显减少；仍需关注颅底少量残留、小脑下缘及顶部局部边界。"
Data_37,train,0.5,0,,,,BET 自动初始中心,已查看抽样切片，仍有常规关注点,保留默认参数；关注颅底少量残留。
Data_38,train,0.5,0,,,,BET 自动初始中心,已查看抽样切片，仍有常规关注点,保留默认参数；关注颅底少量残留。
Data_39,train,0.3,0,110,159,82,指定体素中心,已查看抽样切片，仍有常规关注点,脑主体覆盖改善；关注额叶中线及颅底局部边界。
Data_40,test,0.55,0,139,96,87,指定体素中心,已查看抽样切片，仍有常规关注点,调整中心后大量颈部残留得到去除，脑主体边界改善。
Data_41,test,0.5,0,,,,BET 自动初始中心,已查看抽样切片，仍有常规关注点,保留默认参数；关注颅底少量残留。
Data_42,test,0.2,0,117,162,82,指定体素中心,已查看抽样切片，仍有常规关注点,降低阈值后明显脑组织遗漏得到改善；仍需关注小脑下缘及顶部边界。
Data_43,test,0.5,0,,,,BET 自动初始中心,已查看抽样切片，仍有常规关注点,保留默认参数；关注颅底少量残留。
Data_44,test,0.2,0,104,166,82,指定体素中心,未通过：暂留旧结果，需进一步修正,2026-10-08 追加 36 组候选后仍未通过：内侧额叶疑似遗漏、后方头皮及颅底残留未解决。新候选无明确优势，暂留旧参数及结果；后续体积测量前需修正掩膜并复核。
Data_45,test,0.55,0,147,93,86,指定体素中心,已查看抽样切片，仍有常规关注点,调整中心后边界改善；颅底及眶区仍有少量残留。
Data_46,test,0.3,0,116,151,81,指定体素中心,已查看抽样切片，仍有常规关注点,脑主体覆盖改善；原图较模糊，关注颅底局部边界。
Data_47,test,0.2,0,108,163,82,指定体素中心,已查看抽样切片，仍有常规关注点,降低阈值后顶部覆盖改善；顶部少量外侧条带及脑脊液/皮质边界需关注。
Data_48,test,0.3,0,111,158,82,指定体素中心,已查看抽样切片，仍有常规关注点,脑主体覆盖改善；关注颅底少量残留。
Data_49,test,0.3,0,104,164,82,指定体素中心,已查看抽样切片，仍有常规关注点,脑主体覆盖改善；视神经附近少量残留需关注。
