No,Original Name,New Name,Label
1,AD_09.nii, Data_00.nii, AD
2,NC_03.nii, Data_01.nii, NC
3,NC_08.nii, Data_02.nii, NC
4,AD_17.nii, Data_03.nii, AD
5,NC_07.nii, Data_04.nii, NC
6,NC_23.nii, Data_05.nii, NC
7,AD_25.nii, Data_06.nii, AD
8,AD_12.nii, Data_07.nii, AD
9,AD_20.nii, Data_08.nii, AD
10,AD_07.nii, Data_09.nii, AD
11,AD_03.nii, Data_10.nii, AD
12,AD_14.nii, Data_11.nii, AD
13,NC_09.nii, Data_12.nii, NC
14,AD_15.nii, Data_13.nii, AD
15,NC_02.nii, Data_14.nii, NC
16,NC_15.nii, Data_15.nii, NC
17,NC_18.nii, Data_16.nii, NC
18,NC_19.nii, Data_17.nii, NC
19,AD_16.nii, Data_18.nii, AD
20,AD_13.nii, Data_19.nii, AD
21,AD_21.nii, Data_20.nii, AD
22,NC_06.nii, Data_21.nii, NC
23,AD_05.nii, Data_22.nii, AD
24,AD_02.nii, Data_23.nii, AD
25,NC_16.nii, Data_24.nii, NC
26,NC_20.nii, Data_25.nii, NC
27,NC_05.nii, Data_26.nii, NC
28,NC_11.nii, Data_27.nii, NC
29,NC_21.nii, Data_28.nii, NC
30,NC_01.nii, Data_29.nii, NC
31,NC_13.nii, Data_30.nii, NC
32,NC_10.nii, Data_31.nii, NC
33,NC_24.nii, Data_32.nii, NC
34,AD_18.nii, Data_33.nii, AD
35,AD_08.nii, Data_34.nii, AD
36,AD_19.nii, Data_35.nii, AD
37,AD_11.nii, Data_36.nii, AD
38,NC_04.nii, Data_37.nii, NC
39,NC_14.nii, Data_38.nii, NC
40,AD_24.nii, Data_39.nii, AD
41,NC_17.nii, Data_40.nii, NC
42,NC_22.nii, Data_41.nii, NC
43,AD_06.nii, Data_42.nii, AD
44,NC_12.nii, Data_43.nii, NC
45,AD_01.nii, Data_44.nii, AD
46,NC_25.nii, Data_45.nii, NC
47,AD_04.nii, Data_46.nii, AD
48,AD_23.nii, Data_47.nii, AD
49,AD_22.nii, Data_48.nii, AD
50,AD_10.nii, Data_49.nii, AD