subject_id,split,gm_total_mm3,roi_1_90_sum_mm3,atlas_inside_bet_fraction,zero_volume_roi_ids,independent_volume_match,visual_reviewed,note
Data_00,train,450842.3931376934,331517.277864,0.9461390016993577,,True,True,Reviewed three sampled slices in each of three directions: tissue distributions and MNI/AAL alignment show no obvious global displacement. Local cortical and sulcal boundaries remain automatic segmentation estimates.
Data_01,train,687307.0,514472.0,0.9469191910260718,,True,True,Reviewed three sampled slices in each of three directions: the brain and atlas are broadly aligned. Small residual tissues at the skull base after BET persist into tissue segmentation; local skull-base labels and boundaries require attention.
Data_02,train,619667.0,435151.0,0.9441726164018224,,True,False,No manual image review performed; file and numerical checks completed.
Data_03,train,607662.4067389965,443251.40037499997,0.9442754075932821,,True,False,No manual image review performed; file and numerical checks completed.
Data_04,train,706450.0,495968.0,0.9516870158855192,,True,False,No manual image review performed; file and numerical checks completed.
Data_05,train,552605.0,393678.0,0.9459154952410094,,True,False,No manual image review performed; file and numerical checks completed.
Data_06,train,503091.8460009098,367553.90929100005,0.9429098571849235,,True,False,No manual image review performed; file and numerical checks completed.
Data_07,train,458162.92583429813,322707.46927700005,0.9384244278765034,,True,False,No manual image review performed; file and numerical checks completed.
Data_08,train,535429.092410922,404492.328853,0.9418737814373555,,True,False,No manual image review performed; file and numerical checks completed.
Data_09,train,435775.43362021446,319634.466178,0.9448772994890484,,True,False,No manual image review performed; file and numerical checks completed.
Data_10,train,449434.3696053028,334121.231354,0.9388742397372464,,True,False,No manual image review performed; file and numerical checks completed.
Data_11,train,476614.7947335243,357096.48441200005,0.9486974463857039,,True,False,No manual image review performed; file and numerical checks completed.
Data_12,train,624335.0,451979.0,0.9479762462043967,,True,False,No manual image review performed; file and numerical checks completed.
Data_13,train,464477.11369633675,339148.98547,0.9475004025836927,,True,False,No manual image review performed; file and numerical checks completed.
Data_14,train,581053.0,411514.0,0.9431295836549487,,True,False,No manual image review performed; file and numerical checks completed.
Data_15,train,529333.0,385068.0,0.9402622617657911,,True,True,"Reviewed three sampled slices in each of three directions: the brain, GM/WM distribution and nonlinear template/AAL are broadly aligned. Local boundaries at the frontal and temporal bases still require routine attention."
Data_16,train,710910.0,529680.0,0.9478626028774533,,True,False,No manual image review performed; file and numerical checks completed.
Data_17,train,552444.0,400401.0,0.9457196216639556,,True,False,No manual image review performed; file and numerical checks completed.
Data_18,train,532188.6634054184,398370.56357999996,0.9526702875527788,,True,True,Reviewed three sampled slices in each of three directions: the brain and atlas are broadly aligned. Local registration differences remain around the ventricles and cortical folds; small skull-base remnants persist into tissue segmentation.
Data_19,train,445777.5272961855,326778.832558,0.9422589421133138,,True,False,No manual image review performed; file and numerical checks completed.
Data_20,train,380251.45047962666,283955.84801300004,0.9451449021741597,,True,False,No manual image review performed; file and numerical checks completed.
Data_21,train,555261.0,411399.0,0.9432214216463517,,True,False,No manual image review performed; file and numerical checks completed.
Data_22,train,542367.1338915825,395432.749382,0.9472456387913512,,True,False,No manual image review performed; file and numerical checks completed.
Data_23,train,560726.1742506027,417498.147593,0.9435107877033314,,True,False,No manual image review performed; file and numerical checks completed.
Data_24,train,639919.0,472087.0,0.9490495746813437,,True,False,No manual image review performed; file and numerical checks completed.
Data_25,train,584287.0,413039.0,0.9427747376333188,,True,False,No manual image review performed; file and numerical checks completed.
Data_26,train,583129.0,413405.0,0.9480375151270674,,True,False,No manual image review performed; file and numerical checks completed.
Data_27,train,591568.0,436489.0,0.9382851357015709,,True,False,No manual image review performed; file and numerical checks completed.
Data_28,train,582853.0,410499.0,0.9463896613972226,,True,False,No manual image review performed; file and numerical checks completed.
Data_29,train,520226.0,375089.0,0.9428698128488178,,True,False,No manual image review performed; file and numerical checks completed.
Data_30,train,577806.0,417936.0,0.9430352197042361,,True,False,No manual image review performed; file and numerical checks completed.
Data_31,train,615922.0,452765.0,0.9457310862072744,,True,False,No manual image review performed; file and numerical checks completed.
Data_32,train,560987.0,410530.0,0.9457730748938646,,True,False,No manual image review performed; file and numerical checks completed.
Data_33,train,480079.4123990536,347780.56580700004,0.9422225067958113,,True,True,"Reviewed three sampled slices in each of three directions: nonlinear registration follows the brain more closely than affine registration, and AAL shows no obvious global displacement. Source-image blur and local peripheral remnants leave uncertainty at cortical boundaries."
Data_34,train,437504.153883934,305256.120614,0.9437786923619796,,True,False,No manual image review performed; file and numerical checks completed.
Data_35,train,403676.495609045,277476.35339600005,0.9456032457682105,,True,True,Reviewed three sampled slices in each of three directions: the brain and nonlinear template/AAL are broadly aligned. Source-image blur and irregular local frontal/cortical boundaries require continued quality notes for tissue classification and regional boundaries.
Data_36,train,417324.49312627316,294562.26882999996,0.9435948934139358,,True,True,Reviewed three sampled slices in each of three directions: tissue distributions and nonlinear template/AAL are broadly aligned with the brain. Nonlinear registration improves affine-stage differences at frontal and temporal-base boundaries; local cortical-fold differences remain.
Data_37,train,612515.0,449300.0,0.9453845291541627,,True,False,No manual image review performed; file and numerical checks completed.
Data_38,train,713235.0,513374.0,0.9490904398391786,,True,False,No manual image review performed; file and numerical checks completed.
Data_39,train,432466.64875650406,314976.08843199996,0.9416240062280309,,True,False,No manual image review performed; file and numerical checks completed.
Data_40,test,495005.0,362191.0,0.9396975202908946,,True,True,Reviewed three sampled slices in each of three directions: the brain and nonlinear template/AAL are broadly aligned. Small remnants at the lower brainstem/skull base and small tissue-classification speckles require attention.
Data_41,test,685237.0,491386.0,0.9492885795933883,,True,False,No manual image review performed; file and numerical checks completed.
Data_42,test,489808.31971764565,366862.44747699995,0.9492195542640929,,True,False,No manual image review performed; file and numerical checks completed.
Data_43,test,631060.0,449552.0,0.9460497714668502,,True,False,No manual image review performed; file and numerical checks completed.
Data_44,test,608789.5331642628,451667.13508000004,0.9377906083876908,,True,True,"Reviewed three sampled slices in each of three directions: the nonlinear template/AAL fits the brain and ventricles better than the affine result. Incomplete upper-frontal BET boundaries, peripheral remnants and local registration differences around enlarged ventricles remain visible. These limitations are retained in the current data. The final BET result was retained as agreed; suspected frontal tissue omission and residual non-brain tissue remain limitations."
Data_45,test,610792.0,431140.0,0.9443420028608936,,True,False,No manual image review performed; file and numerical checks completed.
Data_46,test,473139.199883461,353407.595336,0.9464508653654623,,True,False,No manual image review performed; file and numerical checks completed.
Data_47,test,503331.3443450928,395761.50693599996,0.9463001036872905,,True,False,No manual image review performed; file and numerical checks completed.
Data_48,test,477364.8045473099,352472.189195,0.9410892629567748,,True,False,No manual image review performed; file and numerical checks completed.
Data_49,test,628572.4705982208,460342.06960199995,0.9454842978870439,,True,True,Reviewed three sampled slices in each of three directions: tissue segmentation and nonlinear template/AAL are broadly aligned with the brain. Small classification speckles at the brainstem/skull base and local boundary differences require attention.
