FileName,ROI_1_mm3,ROI_2_mm3,ROI_3_mm3,ROI_4_mm3,ROI_5_mm3,ROI_6_mm3,ROI_7_mm3,ROI_8_mm3,ROI_9_mm3,ROI_10_mm3,ROI_11_mm3,ROI_12_mm3,ROI_13_mm3,ROI_14_mm3,ROI_15_mm3,ROI_16_mm3,ROI_17_mm3,ROI_18_mm3,ROI_19_mm3,ROI_20_mm3,ROI_21_mm3,ROI_22_mm3,ROI_23_mm3,ROI_24_mm3,ROI_25_mm3,ROI_26_mm3,ROI_27_mm3,ROI_28_mm3,ROI_29_mm3,ROI_30_mm3,ROI_31_mm3,ROI_32_mm3,ROI_33_mm3,ROI_34_mm3,ROI_35_mm3,ROI_36_mm3,ROI_37_mm3,ROI_38_mm3,ROI_39_mm3,ROI_40_mm3,ROI_41_mm3,ROI_42_mm3,ROI_43_mm3,ROI_44_mm3,ROI_45_mm3,ROI_46_mm3,ROI_47_mm3,ROI_48_mm3,ROI_49_mm3,ROI_50_mm3,ROI_51_mm3,ROI_52_mm3,ROI_53_mm3,ROI_54_mm3,ROI_55_mm3,ROI_56_mm3,ROI_57_mm3,ROI_58_mm3,ROI_59_mm3,ROI_60_mm3,ROI_61_mm3,ROI_62_mm3,ROI_63_mm3,ROI_64_mm3,ROI_65_mm3,ROI_66_mm3,ROI_67_mm3,ROI_68_mm3,ROI_69_mm3,ROI_70_mm3,ROI_71_mm3,ROI_72_mm3,ROI_73_mm3,ROI_74_mm3,ROI_75_mm3,ROI_76_mm3,ROI_77_mm3,ROI_78_mm3,ROI_79_mm3,ROI_80_mm3,ROI_81_mm3,ROI_82_mm3,ROI_83_mm3,ROI_84_mm3,ROI_85_mm3,ROI_86_mm3,ROI_87_mm3,ROI_88_mm3,ROI_89_mm3,ROI_90_mm3
Data_00,6523.223317,4795.514146,6533.901372,6715.428293,1947.677088,2613.987671,8624.664386,8862.784995,1837.693130,2095.034236,1674.318900,3033.635201,3832.353656,3420.180764,4926.854213,4494.393017,2588.360341,3870.794651,4864.921499,5029.363533,870.261418,859.583364,6017.083548,4946.074711,1715.963312,1910.303898,2814.735090,2250.933828,5466.095951,5529.096470,2741.056516,3701.013590,3844.099516,4827.548309,894.820943,398.291422,2693.005272,2404.697808,3092.364499,4001.066913,756.006238,837.159450,5269.619753,5004.804009,2557.393984,2234.916746,5302.721721,4716.496545,1592.097883,1395.621685,5292.043667,4154.830893,1994.660527,2014.948830,7843.030818,8058.727513,6971.701594,5807.793685,2464.494912,2128.136204,4978.108873,1804.591162,2098.237652,3254.670924,2152.695729,1717.031117,5391.349571,4865.989304,1920.981953,1148.958633,3251.467507,3184.195766,2011.745413,2247.730411,151.628370,170.848867,2191.136724,1997.863943,538.173932,604.377868,6322.475898,7155.364127,2421.782695,2770.955068,11289.906717,9773.623019,2999.465428,2106.780096,7175.652430,8159.101223
Data_01,7723.000000,7983.000000,9151.000000,9135.000000,2659.000000,2346.000000,13967.000000,16565.000000,2092.000000,3111.000000,5755.000000,5195.000000,7460.000000,5813.000000,5582.000000,6339.000000,2504.000000,4978.000000,6021.000000,6301.000000,1197.000000,1135.000000,9409.000000,6607.000000,2954.000000,3607.000000,3597.000000,3041.000000,7484.000000,6814.000000,5018.000000,4941.000000,7064.000000,7623.000000,1791.000000,998.000000,3814.000000,3718.000000,4182.000000,5847.000000,993.000000,1143.000000,7814.000000,6094.000000,5068.000000,4359.000000,5623.000000,7908.000000,3680.000000,3832.000000,6275.000000,7255.000000,1969.000000,3078.000000,7197.000000,11783.000000,7733.000000,8548.000000,6516.000000,6466.000000,6169.000000,3803.000000,2433.000000,9336.000000,2177.000000,5351.000000,14133.000000,11275.000000,3381.000000,992.000000,3522.000000,3111.000000,1971.000000,2287.000000,142.000000,342.000000,1980.000000,2733.000000,845.000000,1324.000000,9132.000000,11595.000000,7104.000000,5867.000000,13500.000000,16379.000000,3778.000000,10915.000000,7456.000000,16584.000000
Data_02,8852.000000,8397.000000,5811.000000,9491.000000,2347.000000,2859.000000,8855.000000,12918.000000,2392.000000,3471.000000,2988.000000,3625.000000,5984.000000,3927.000000,4623.000000,4449.000000,2135.000000,4489.000000,6175.000000,5973.000000,748.000000,808.000000,5219.000000,4455.000000,2901.000000,3162.000000,2904.000000,2332.000000,6708.000000,5801.000000,5082.000000,3847.000000,5382.000000,6581.000000,1662.000000,887.000000,3374.000000,3004.000000,3847.000000,5242.000000,854.000000,754.000000,9314.000000,4030.000000,4022.000000,4167.000000,5826.000000,7524.000000,2531.000000,3153.000000,3694.000000,6370.000000,2491.000000,1984.000000,8770.000000,11231.000000,8942.000000,9081.000000,4489.000000,6082.000000,4669.000000,3827.000000,1838.000000,5892.000000,2333.000000,5949.000000,10084.000000,9027.000000,2789.000000,1608.000000,4224.000000,4057.000000,2855.000000,2863.000000,185.000000,271.000000,2213.000000,2962.000000,823.000000,554.000000,7495.000000,8207.000000,4765.000000,2798.000000,12215.000000,14843.000000,2706.000000,2810.000000,6701.000000,14572.000000
Data_03,8734.238171,8293.158078,8397.568342,9762.359644,2293.829566,2563.378512,10882.106450,12658.146342,2256.540186,2648.611380,1721.703938,3321.951039,5076.682714,4611.098171,6148.486031,4512.014962,3187.709272,5889.591194,6161.270962,9283.990171,1006.813256,991.897504,5903.441535,5180.027566,1557.630667,1584.265938,1683.349147,2011.495690,6007.851799,5883.198729,4372.446140,4693.134807,5827.797365,6592.762357,1149.578310,699.974930,2617.714465,2716.797675,4345.810869,4382.034838,1025.990651,1188.998512,6887.881163,4969.076217,5479.408016,4910.478621,7517.538977,5959.908311,4108.224248,3846.133179,9066.646357,7505.819458,1501.163892,3085.429830,7738.079024,10247.121582,10260.971923,10305.719179,6588.500714,5906.637768,6100.542543,3022.570589,2993.804496,4042.168776,1852.749473,3825.890372,9177.449086,9653.687737,3450.865752,2549.528171,3923.908171,4031.514667,3331.539737,3366.698295,329.211954,231.194155,2400.370651,2660.330899,818.235535,908.795457,7924.525923,12191.496389,1874.057690,2640.088093,12247.963164,13373.037024,965.262233,1968.879256,5591.276155,10091.571598
Data_04,7010.000000,6905.000000,8570.000000,8260.000000,2756.000000,2823.000000,10806.000000,16407.000000,2178.000000,3331.000000,3781.000000,3244.000000,6062.000000,5343.000000,6385.000000,5800.000000,2791.000000,4033.000000,4476.000000,6274.000000,1257.000000,1209.000000,7467.000000,6623.000000,3345.000000,3573.000000,4085.000000,3276.000000,7686.000000,6744.000000,4459.000000,3677.000000,6798.000000,6931.000000,2207.000000,1217.000000,3926.000000,4025.000000,3926.000000,3358.000000,1447.000000,887.000000,9889.000000,5100.000000,6503.000000,5612.000000,5242.000000,6211.000000,2995.000000,3258.000000,5558.000000,7090.000000,2057.000000,3254.000000,6270.000000,13759.000000,9087.000000,8676.000000,5893.000000,5299.000000,7078.000000,3623.000000,2470.000000,8224.000000,3506.000000,6057.000000,12469.000000,11277.000000,2301.000000,1939.000000,4006.000000,3613.000000,2571.000000,3160.000000,201.000000,316.000000,2912.000000,3486.000000,1009.000000,678.000000,8103.000000,10158.000000,7453.000000,4478.000000,15113.000000,18562.000000,3004.000000,3981.000000,7655.000000,19454.000000
Data_05,5392.000000,5004.000000,7058.000000,9019.000000,1942.000000,2250.000000,12659.000000,10958.000000,1992.000000,3144.000000,2617.000000,2917.000000,6957.000000,5579.000000,3965.000000,5181.000000,1987.000000,3401.000000,3567.000000,4812.000000,1112.000000,1046.000000,7514.000000,6872.000000,2268.000000,2330.000000,2894.000000,2074.000000,6115.000000,5640.000000,3642.000000,2671.000000,6088.000000,5649.000000,1438.000000,944.000000,2840.000000,2617.000000,3091.000000,4296.000000,924.000000,956.000000,6335.000000,4625.000000,4528.000000,4384.000000,3823.000000,4900.000000,2506.000000,3216.000000,5063.000000,5492.000000,2279.000000,3056.000000,4675.000000,8787.000000,7896.000000,6927.000000,5246.000000,3561.000000,5933.000000,2563.000000,2999.000000,5973.000000,800.000000,3634.000000,9291.000000,7176.000000,2088.000000,1450.000000,3710.000000,3065.000000,1692.000000,2272.000000,100.000000,205.000000,1605.000000,2656.000000,750.000000,602.000000,7111.000000,7629.000000,5790.000000,2399.000000,9940.000000,13621.000000,2693.000000,3328.000000,6659.000000,15223.000000
Data_06,6712.630972,5570.373475,6100.936070,5792.419793,2056.063494,1956.783170,9424.158114,9888.533826,2614.381878,1854.300254,1472.124381,2193.774912,4056.615409,2884.467062,4917.044888,3799.340590,2457.454914,3365.923259,3528.187876,3456.663341,710.975227,596.749477,4926.652662,3243.157267,1593.822844,1392.059604,1884.191105,1964.255882,5516.996957,4687.525859,3646.683747,2805.469815,4537.004076,5460.417847,1060.057658,750.473851,2322.946087,1993.079202,2482.008112,2857.778803,548.710611,550.845671,7769.486039,5451.877604,4659.770069,4004.306421,5193.535254,5040.878411,2517.236615,2830.023013,8069.462074,5039.810881,2584.491028,2471.332809,7056.375752,7723.582234,7009.404415,5834.053477,4598.920838,5766.799064,5907.713073,4348.051201,3551.673544,5486.038576,2089.156936,4206.069661,9630.191476,9214.922162,2565.275481,1967.458474,4235.960512,4829.507398,1872.448271,1640.794180,170.804859,75.794656,1869.245679,1755.019930,581.804052,473.983485,6000.588215,6609.080526,2335.756452,1798.788675,13018.532873,15163.201388,1451.841304,2345.364225,8001.140130,11102.315857
Data_07,8006.774976,8028.298565,6283.811705,6163.279609,2123.302020,2285.805114,11649.642354,8913.994237,2068.416869,2865.865828,1870.399853,2428.936979,3035.902178,3766.628013,4777.160500,4751.332193,1997.389026,2677.534427,3016.530949,3681.609838,773.773012,775.925371,4858.950137,3552.468306,1490.508514,1906.989954,1549.698382,1643.325993,4426.326005,4524.258333,3254.366603,3142.443942,4104.548355,4700.751760,1369.976417,797.448959,1862.866597,1475.442002,1997.389026,2417.099005,611.269918,537.013537,4630.800097,3033.749820,3402.879365,2634.487250,4273.508526,4171.271479,2172.806274,1806.905267,6356.991906,5083.871638,1355.986085,2121.149661,5417.487262,6356.991906,7583.836459,7844.271882,4130.376661,3411.488800,4122.843405,2095.321355,2632.334891,3382.431956,1609.964431,2045.817101,7114.622227,6388.201110,2473.060335,2154.511223,3717.123759,3402.879365,1667.001941,1505.575026,145.284223,59.189869,1548.622203,1563.688715,334.691803,414.329081,4258.442013,5541.247897,2467.679438,2732.419579,10402.350392,9208.867402,2168.501556,2511.802795,9106.630356,7977.718131
Data_08,7480.280160,7241.480070,6652.439847,6551.613142,1923.136727,2931.403774,11026.196167,13731.535856,2133.280806,3827.169446,2527.035622,3042.843817,5377.778032,4694.279107,5352.306023,5798.066191,2589.654312,3375.041275,3844.150786,3596.860026,983.856372,948.832359,6984.637306,5914.812902,1909.339388,2396.491572,2222.432840,2582.224976,5707.852824,5338.508684,4415.148335,4858.785836,5645.234133,7676.626901,1623.840614,672.885588,2928.219773,2609.819653,3143.670521,3863.254793,961.568363,954.139027,4816.332487,4618.924412,2568.427637,3297.563913,5720.588828,6352.082400,2247.904849,2668.193008,8916.264703,7149.144035,2758.406376,2971.734456,8295.384468,7349.736111,6901.853275,8779.352651,4948.999204,3546.977340,9160.371462,3130.934516,3079.990497,6178.023668,2563.120969,3044.966484,8611.661921,6459.277108,3245.558560,1924.198060,3364.427938,3711.484069,2135.403474,2000.614089,277.008105,347.056131,1993.184753,2341.302218,574.181550,522.176197,5039.212571,6084.626299,3715.729404,2743.547703,13211.482326,10974.190814,3348.507932,2259.579521,8494.915210,12008.991205
Data_09,4543.118978,5247.644007,5245.509083,6067.454951,2168.015659,2327.067522,7828.767524,8842.856582,1581.978930,2475.444763,1838.169850,2328.134984,4537.781667,3149.013389,4596.492086,4124.673809,2541.627417,3081.763273,2719.893599,3478.859199,928.692084,926.557160,6128.300294,4101.189641,1755.975263,1769.852271,2119.979861,1987.614553,5875.311761,6031.161237,2870.405764,2293.976194,4673.349362,5030.949188,1116.565426,464.346042,1936.376369,1916.094588,2450.893133,3115.922062,881.723749,845.430035,2952.600351,2303.583354,1923.566823,1763.447498,3519.422761,3505.545753,1947.050991,1674.848138,5415.235567,4106.526952,1858.451631,2042.055123,6620.400353,7570.441680,4590.087313,6635.344823,2683.599885,3134.068919,5335.175905,2796.750875,2743.377766,6131.502681,2157.341037,4168.439758,6796.531610,5550.803263,1275.617288,1821.090455,4450.249770,4313.614612,3994.443425,4119.336498,224.167055,187.873341,2308.920665,2488.254309,518.786613,429.119791,4473.733937,7056.992379,1742.098255,2150.936264,12058.052626,8631.499073,1513.661351,1579.844005,6890.468281,9534.572066
Data_10,5179.973606,6802.083526,6148.928303,6384.969547,2244.008541,2554.418944,8926.454724,8729.214781,2206.285054,3292.721466,1756.836658,2379.813092,5437.571128,3198.951657,3981.444549,4850.162552,2724.713541,3638.699728,4320.955927,5770.615624,602.497970,608.964854,5404.158897,3522.295827,1216.851894,2109.281803,1307.388261,1771.926052,4693.879537,4148.505703,3498.583921,3436.070715,4684.179212,5536.730007,827.761076,630.521132,1472.293788,1569.297039,1961.621299,2480.049785,463.459977,411.724910,5036.624357,3341.223092,3963.121712,3964.199526,3844.562183,4628.132889,3446.848854,2594.298059,7079.081699,5432.182059,2153.472173,2015.511994,6285.810668,5893.486408,6732.025623,7150.217416,4839.384413,5677.923628,6407.603639,3276.554258,3306.733047,4368.379739,1844.139584,4631.366331,7662.179019,6132.761094,1823.661120,1598.398015,2915.486601,2691.301310,1984.255391,1754.681030,213.407152,208.018083,2086.647711,2373.346209,611.120482,525.973183,5683.312698,8311.022987,1307.388261,1268.586961,10527.008367,9742.359847,873.029259,765.247869,5115.304772,7146.983975
Data_11,3642.298064,4060.965259,5477.828793,5765.462744,2710.151002,3227.892113,9080.710353,8099.558988,2649.428279,3566.660988,1547.896779,3236.414600,6510.115083,4303.856150,5592.882374,5334.011818,2084.813487,4188.802570,3016.960549,3499.546399,1144.143937,1091.943701,6277.877300,4268.700890,1991.066125,2884.861994,2620.664884,2149.797453,6756.201907,5938.043114,5442.673533,4505.199916,6046.704829,6098.905064,1176.103265,549.700439,3270.504550,3003.111507,4508.395849,4502.003983,956.649214,999.261651,6386.539015,4106.773629,3675.322703,3002.046196,5463.979751,6111.688796,3201.259339,2367.120883,8082.514013,5393.669230,2896.580414,2188.148647,7433.739658,7087.513606,5367.036457,4963.283615,2977.544045,2836.923002,4417.844420,1757.763032,2407.602698,2241.414193,2339.422799,2052.854159,7135.452598,6271.485435,1836.596040,915.102087,2886.992616,2787.918699,1677.864712,1352.944879,157.666017,132.098555,1469.063770,1367.859232,838.399701,939.604239,6816.924630,7276.073640,3580.510030,2638.775169,12370.390499,8793.076402,3136.275373,2058.180713,8581.079527,9538.794052
Data_12,5840.000000,7679.000000,8292.000000,7559.000000,2243.000000,3182.000000,10889.000000,14479.000000,2289.000000,3190.000000,2497.000000,3531.000000,6617.000000,4758.000000,6062.000000,5030.000000,2749.000000,4207.000000,5723.000000,5555.000000,1111.000000,1189.000000,7166.000000,5449.000000,2374.000000,2926.000000,2400.000000,2229.000000,7119.000000,5980.000000,4732.000000,4184.000000,6110.000000,7030.000000,1176.000000,740.000000,3427.000000,2885.000000,3895.000000,5880.000000,1026.000000,925.000000,9505.000000,5976.000000,5198.000000,4195.000000,5087.000000,6940.000000,3393.000000,2971.000000,5760.000000,7006.000000,2631.000000,2215.000000,8053.000000,8837.000000,8644.000000,8322.000000,4003.000000,4596.000000,5719.000000,4470.000000,4243.000000,6041.000000,2451.000000,5527.000000,9568.000000,7304.000000,1450.000000,1580.000000,3559.000000,3361.000000,2792.000000,3251.000000,188.000000,396.000000,2151.000000,2380.000000,881.000000,655.000000,10942.000000,11934.000000,5108.000000,2863.000000,14065.000000,15867.000000,3026.000000,3502.000000,7132.000000,13917.000000
Data_13,6046.507811,5176.936015,6296.935964,6406.698090,2395.585048,2498.953264,11448.296337,12874.138328,2269.838146,2379.600272,2144.091244,2297.545090,4529.019774,4560.989326,4697.392745,4116.612562,2218.686864,2829.305294,4158.172979,4417.126344,882.359617,940.970461,5272.844669,4037.754335,1373.625056,1930.960901,2444.605026,2370.009407,4379.828535,4756.003589,3017.925647,3260.894237,5360.228109,6793.529661,1053.929543,710.789692,2005.556521,1944.814374,2828.239643,3923.729602,648.981892,749.153153,4890.275704,4466.146323,3674.367102,3193.758180,5538.191945,5789.685749,2449.933285,2299.676394,7224.052953,6172.254713,2275.166404,2897.507004,6069.952149,7139.866468,5427.364167,6689.095794,4200.799047,3978.077839,5114.062564,3239.581203,1943.748722,3918.401343,2098.268220,3466.565018,7846.393552,6398.172876,1944.814374,1345.918112,2494.690657,2313.529866,1044.338677,900.475696,166.241667,119.352992,1083.767791,1373.625056,498.725001,410.275909,5054.386068,5059.714327,1591.018005,2706.755347,9290.351622,10187.630363,1417.316776,2018.344342,5162.016891,10115.166046
Data_14,7227.000000,7172.000000,6747.000000,8122.000000,2608.000000,2200.000000,8060.000000,11008.000000,2691.000000,2695.000000,3179.000000,3331.000000,4483.000000,4446.000000,6013.000000,5318.000000,2222.000000,4302.000000,6370.000000,6427.000000,983.000000,904.000000,6546.000000,5135.000000,2071.000000,2642.000000,3620.000000,2632.000000,6631.000000,6267.000000,3120.000000,2639.000000,5701.000000,6952.000000,1173.000000,893.000000,3234.000000,3007.000000,3320.000000,3293.000000,797.000000,729.000000,6266.000000,4661.000000,4340.000000,3831.000000,5577.000000,5433.000000,3851.000000,3353.000000,5272.000000,7238.000000,1525.000000,2351.000000,5973.000000,11847.000000,8360.000000,8601.000000,4195.000000,5658.000000,5423.000000,3212.000000,2052.000000,5233.000000,1689.000000,5227.000000,9365.000000,6770.000000,3461.000000,1254.000000,3490.000000,3052.000000,1877.000000,2671.000000,218.000000,702.000000,1576.000000,1286.000000,874.000000,853.000000,8165.000000,10670.000000,4728.000000,2970.000000,12436.000000,13753.000000,2874.000000,3027.000000,5727.000000,11637.000000
Data_15,8560.000000,8053.000000,6572.000000,7903.000000,1990.000000,2240.000000,9406.000000,10259.000000,1929.000000,3137.000000,2427.000000,2989.000000,3995.000000,3718.000000,4879.000000,4305.000000,1952.000000,3320.000000,4980.000000,5511.000000,1075.000000,1081.000000,6316.000000,4938.000000,2161.000000,2091.000000,2571.000000,2237.000000,6111.000000,5690.000000,3030.000000,3687.000000,4437.000000,6011.000000,971.000000,691.000000,2857.000000,2765.000000,3082.000000,3644.000000,960.000000,805.000000,6850.000000,4859.000000,3903.000000,3214.000000,4452.000000,5330.000000,2109.000000,2203.000000,3295.000000,6358.000000,1654.000000,2369.000000,6443.000000,9344.000000,7956.000000,8731.000000,5545.000000,4422.000000,5404.000000,3784.000000,2705.000000,5794.000000,1665.000000,4442.000000,8324.000000,5437.000000,2776.000000,1300.000000,3016.000000,2927.000000,1446.000000,2236.000000,58.000000,229.000000,2094.000000,2692.000000,518.000000,607.000000,6550.000000,7398.000000,5068.000000,3576.000000,10958.000000,12653.000000,3403.000000,4070.000000,6536.000000,13029.000000
Data_16,9597.000000,8581.000000,9969.000000,10066.000000,3410.000000,3953.000000,15756.000000,16350.000000,3778.000000,3914.000000,4165.000000,4740.000000,5623.000000,4291.000000,6119.000000,5991.000000,3422.000000,7375.000000,5527.000000,5453.000000,1245.000000,1449.000000,8783.000000,6497.000000,3618.000000,4398.000000,4002.000000,4030.000000,8278.000000,7112.000000,5890.000000,5718.000000,5617.000000,6227.000000,2494.000000,1912.000000,2560.000000,3895.000000,4536.000000,4006.000000,944.000000,939.000000,7151.000000,5230.000000,5494.000000,4925.000000,8031.000000,6218.000000,3310.000000,3523.000000,5722.000000,7445.000000,2863.000000,4122.000000,9211.000000,13386.000000,12766.000000,12371.000000,5812.000000,6567.000000,6376.000000,4261.000000,3337.000000,6820.000000,2427.000000,5180.000000,13775.000000,8977.000000,3186.000000,2066.000000,3649.000000,3221.000000,2158.000000,2857.000000,186.000000,499.000000,1616.000000,2117.000000,1376.000000,863.000000,10668.000000,13542.000000,5891.000000,3379.000000,16330.000000,14963.000000,4679.000000,4038.000000,8308.000000,16558.000000
Data_17,8374.000000,6064.000000,5835.000000,7855.000000,1668.000000,1906.000000,9327.000000,12665.000000,1482.000000,3681.000000,3392.000000,4484.000000,4647.000000,4659.000000,3961.000000,4762.000000,2024.000000,4873.000000,4772.000000,6510.000000,917.000000,744.000000,6904.000000,4430.000000,1937.000000,1993.000000,2483.000000,1908.000000,6579.000000,6261.000000,4047.000000,3531.000000,5104.000000,5445.000000,1644.000000,686.000000,2934.000000,2610.000000,3375.000000,4161.000000,757.000000,890.000000,6241.000000,4388.000000,5082.000000,3858.000000,4563.000000,5453.000000,2693.000000,2421.000000,4594.000000,6938.000000,2040.000000,3072.000000,5531.000000,9535.000000,6579.000000,6772.000000,6002.000000,3628.000000,5960.000000,3313.000000,2566.000000,5268.000000,2336.000000,5907.000000,9047.000000,8023.000000,1745.000000,1182.000000,3464.000000,2857.000000,1781.000000,2809.000000,169.000000,782.000000,1454.000000,1268.000000,976.000000,947.000000,9511.000000,9286.000000,6312.000000,3432.000000,10807.000000,12905.000000,2656.000000,3297.000000,5669.000000,13001.000000
Data_18,7723.265362,4972.790465,6818.153607,8526.152730,2179.722073,2606.721854,8111.930998,9542.007571,1611.098924,2771.771644,1966.754601,2621.629577,6404.996712,3765.264900,5243.259154,4305.137441,1968.884276,3770.589087,4114.531554,5068.625827,737.932290,793.303832,5543.543289,3129.556997,1861.335703,2197.824308,2449.125925,2086.016386,5594.655482,5538.219102,3753.551689,3664.105351,4615.005112,5314.603257,1061.642847,813.535742,2302.178369,1749.527780,3211.549474,4332.823212,723.024566,653.810138,5740.538200,2733.437500,6417.774760,5465.810162,5332.705492,5110.154484,4120.920578,3897.304733,8068.272666,6023.784938,1840.038956,1548.273519,6863.941614,7819.100724,8649.673864,9477.052492,9264.085020,9202.324453,5948.181485,2652.509860,2108.377970,3809.988069,3524.611657,5234.740455,13864.182409,10829.395937,4331.758375,1943.328179,3356.367354,3631.095393,1091.458293,844.416025,68.149591,44.723169,1496.096489,1729.295870,395.054660,457.880064,6382.635128,8761.481787,3499.055560,2593.943806,13206.112921,11827.148542,1999.764559,2182.916585,8135.357420,8625.182605
Data_19,5970.614154,5264.007103,6123.568729,6161.268800,1816.066293,1914.086479,7143.624945,9473.489353,1697.580355,2154.289790,1828.992032,2919.062666,4508.928531,3471.637997,4842.843449,4587.560108,2263.081425,3190.503179,3749.541380,3499.643764,772.312890,937.116059,5128.286846,4084.533442,930.653189,1407.828378,1670.651732,1576.940126,6236.668943,5465.433198,2856.588262,3091.405849,3575.043907,4917.166446,1111.613532,528.878144,2203.838455,2185.526992,2138.132617,3424.243622,852.021612,1194.553689,3774.315713,2838.276799,2844.739668,2208.147035,4948.403648,4710.354626,1939.937956,2131.669747,5317.864347,5652.856410,1762.209048,2432.193173,4387.211158,7174.862147,5533.293326,5370.644447,4414.139780,3975.741808,5113.206817,2833.968219,2568.990575,3973.587518,2132.746892,3604.126819,7180.247871,5893.059721,1045.907693,1434.757000,4662.960251,4876.234940,4823.454840,4726.511800,919.881740,813.244396,1621.103067,2335.250133,483.638058,469.635174,5243.541350,6344.383432,1937.783666,3111.871602,9790.169952,9549.966640,1309.808192,2389.107377,6789.244274,8513.753251
Data_20,3693.133925,4071.120667,4670.759692,4782.121226,1836.394515,1857.810194,5723.340338,7966.632763,1949.897616,2263.637320,1432.708957,2304.327111,3793.787618,3883.733472,4307.763925,3809.849378,2661.968958,3024.964725,3348.341485,2650.190334,673.523119,692.797231,4079.686939,2732.640700,860.910315,1197.136482,1325.630559,1299.931744,4268.144918,4573.318351,2762.622652,3799.141538,3715.620388,5172.957376,658.532144,458.295541,1632.945560,1542.999706,2006.649166,2345.016902,396.190070,538.604339,3945.838942,3165.237426,2108.373644,2293.619271,5009.127428,4203.897880,1896.358417,1873.871954,6935.467796,4991.994885,1658.644375,1969.171727,4989.853317,6464.322848,4985.570181,6946.175636,3436.145771,3181.299185,4427.691730,2048.409741,3345.129133,4594.734030,1995.941327,3344.058349,6022.089067,5499.546488,1494.814427,1151.092772,3091.353332,3305.510126,1816.049619,1841.748434,123.140157,119.927805,1022.598695,1400.585437,463.649461,346.934007,4767.130250,5774.737969,1239.967841,1443.416796,8451.697903,10240.977923,564.303154,1677.918486,5614.120373,9905.822539
Data_21,9042.000000,7088.000000,7128.000000,8931.000000,1935.000000,1963.000000,10900.000000,13483.000000,1740.000000,3139.000000,2928.000000,3480.000000,4801.000000,4324.000000,4755.000000,5375.000000,2151.000000,3602.000000,4544.000000,5244.000000,948.000000,1098.000000,6497.000000,5802.000000,1728.000000,1809.000000,2122.000000,1737.000000,5576.000000,5535.000000,3957.000000,3261.000000,5937.000000,7178.000000,1330.000000,689.000000,3382.000000,3148.000000,3369.000000,4854.000000,939.000000,912.000000,7209.000000,3775.000000,5179.000000,4073.000000,4476.000000,5347.000000,2586.000000,2789.000000,4775.000000,5983.000000,1459.000000,2049.000000,5662.000000,9656.000000,8441.000000,8223.000000,5266.000000,5154.000000,6535.000000,3015.000000,2765.000000,5684.000000,1657.000000,4051.000000,8323.000000,7272.000000,2555.000000,2258.000000,3005.000000,2992.000000,2414.000000,2253.000000,224.000000,396.000000,1888.000000,2343.000000,653.000000,791.000000,8071.000000,11013.000000,5132.000000,3758.000000,11844.000000,15705.000000,2783.000000,2721.000000,6167.000000,12668.000000
Data_22,6466.997693,5630.041354,6829.391160,7959.713639,1896.094387,2802.078053,9407.130400,10157.802581,1774.218013,2783.742670,2229.366950,3110.543921,5611.705970,4121.147129,5565.328235,4789.849359,2904.540492,3697.276200,5169.499657,6479.940317,1165.914694,1104.437231,6698.886370,5212.641736,1636.163359,2011.499449,1898.251491,1711.661998,6534.946468,5947.135637,4542.860955,3621.777561,5351.774942,6736.635689,1313.676316,586.732279,2974.646371,2796.685293,3351.061013,4195.567216,820.778059,911.376426,6229.716257,4449.026932,4295.872550,3333.804181,6374.242223,5340.989423,2962.782299,2298.394277,7269.440369,4592.474346,2683.437335,2324.279525,8631.651524,9162.299100,7061.279836,7555.256645,5601.999003,5489.829596,7095.793500,4648.559049,2421.349203,5057.330251,2506.554810,5266.569336,7515.350221,6633.094699,2012.578001,1185.328630,3345.668253,3304.683278,2807.470813,2552.932545,262.088132,190.903701,1533.700921,1947.864882,636.345670,600.753455,5843.594647,7379.452671,2403.013819,2748.150454,13877.728372,11240.668773,2234.759710,3273.405270,9306.825066,9431.937096
Data_23,7268.748696,7091.094492,6507.527347,6803.617688,1974.653401,1607.501378,8305.603235,10654.945504,1405.083254,1809.919502,2635.742380,2801.552971,3715.664605,3451.875029,4863.418436,4051.592556,3202.082450,3793.186440,5273.638144,7587.449572,881.810870,893.654483,4816.043981,4984.007956,1349.095262,1385.702795,2510.846091,2164.151219,5838.901523,6469.843122,3143.941074,2656.199531,4297.078366,6355.713754,837.666492,426.370091,2762.792054,2858.617655,2530.226550,3714.587913,722.460432,960.409397,6170.522704,4518.876948,5821.674448,5073.373405,5136.898242,6044.549723,3708.127760,3490.635946,9284.316398,6131.761787,2390.256570,3225.769678,7779.100775,7622.980413,10884.280931,8110.721956,7921.224138,5487.899882,6844.531989,2697.113833,2977.053791,6342.793448,3298.984744,3399.117114,14245.713820,10200.581417,3754.425523,2325.655041,4000.988025,3855.634585,3171.935070,3500.326176,151.813593,214.261738,2112.469996,2279.357279,625.558138,453.287395,6029.476033,8610.307113,2519.459628,2874.768037,11658.422586,14144.504758,2596.981463,2038.178238,11520.605991,12885.851636
Data_24,7693.000000,7335.000000,9451.000000,9059.000000,2225.000000,1858.000000,11860.000000,11931.000000,1906.000000,2512.000000,2830.000000,3840.000000,6570.000000,6915.000000,6598.000000,5606.000000,3278.000000,4538.000000,4514.000000,5574.000000,1419.000000,1137.000000,7131.000000,5463.000000,2360.000000,2865.000000,3190.000000,2467.000000,7094.000000,6521.000000,4462.000000,3115.000000,6073.000000,7336.000000,2020.000000,1530.000000,2753.000000,3756.000000,4415.000000,3323.000000,896.000000,555.000000,10241.000000,6838.000000,5717.000000,5218.000000,7531.000000,7252.000000,3487.000000,4335.000000,6612.000000,7093.000000,3110.000000,2631.000000,8545.000000,11764.000000,9200.000000,8291.000000,4346.000000,4344.000000,6388.000000,2808.000000,3358.000000,7598.000000,1934.000000,7206.000000,10549.000000,9546.000000,3667.000000,1474.000000,3456.000000,3254.000000,2491.000000,2602.000000,282.000000,418.000000,1726.000000,1964.000000,888.000000,987.000000,9229.000000,9551.000000,5188.000000,2763.000000,17521.000000,14825.000000,3485.000000,3102.000000,6998.000000,14300.000000
Data_25,9057.000000,8539.000000,6183.000000,8286.000000,1731.000000,2666.000000,10989.000000,10870.000000,1685.000000,3172.000000,3159.000000,3408.000000,5095.000000,4011.000000,4233.000000,5002.000000,2335.000000,4382.000000,5157.000000,5282.000000,823.000000,794.000000,5869.000000,5669.000000,1634.000000,1866.000000,2048.000000,2175.000000,5426.000000,5544.000000,3386.000000,3433.000000,6098.000000,5915.000000,1658.000000,1146.000000,2682.000000,3863.000000,3470.000000,3989.000000,854.000000,743.000000,7623.000000,4387.000000,4644.000000,4249.000000,4843.000000,6423.000000,2842.000000,3031.000000,3766.000000,5333.000000,1622.000000,2756.000000,7095.000000,9188.000000,9793.000000,11149.000000,6225.000000,7590.000000,5363.000000,3658.000000,3027.000000,6344.000000,1875.000000,4406.000000,10786.000000,10028.000000,3082.000000,1159.000000,3055.000000,2952.000000,1695.000000,2149.000000,145.000000,175.000000,1952.000000,2634.000000,738.000000,860.000000,6741.000000,8308.000000,4344.000000,3088.000000,10079.000000,12860.000000,2603.000000,3496.000000,5987.000000,12564.000000
Data_26,7991.000000,5421.000000,6523.000000,8167.000000,2423.000000,2039.000000,9886.000000,12478.000000,1964.000000,2788.000000,2831.000000,3808.000000,6530.000000,3943.000000,4356.000000,5292.000000,1982.000000,4441.000000,5015.000000,4670.000000,1076.000000,1098.000000,5573.000000,5802.000000,2420.000000,2427.000000,2550.000000,2148.000000,6960.000000,5766.000000,3959.000000,4115.000000,6040.000000,7035.000000,1210.000000,838.000000,3178.000000,3198.000000,3216.000000,3717.000000,1081.000000,680.000000,7049.000000,4178.000000,4121.000000,3618.000000,4924.000000,5254.000000,2659.000000,3263.000000,4470.000000,7850.000000,1771.000000,3094.000000,5940.000000,10388.000000,8301.000000,8116.000000,5508.000000,3845.000000,7465.000000,3810.000000,2781.000000,4020.000000,1797.000000,6129.000000,9051.000000,7949.000000,2047.000000,1012.000000,3359.000000,3109.000000,1533.000000,1997.000000,87.000000,291.000000,1583.000000,1915.000000,944.000000,999.000000,8916.000000,9342.000000,5691.000000,3165.000000,12071.000000,14613.000000,2714.000000,3034.000000,6167.000000,14830.000000
Data_27,7585.000000,9889.000000,8414.000000,8157.000000,2643.000000,2513.000000,8626.000000,13809.000000,2425.000000,3945.000000,2572.000000,2816.000000,5256.000000,4867.000000,6550.000000,5715.000000,2568.000000,4153.000000,6498.000000,5525.000000,1130.000000,1088.000000,8883.000000,5330.000000,2489.000000,2386.000000,3141.000000,3145.000000,7217.000000,6407.000000,3142.000000,2824.000000,5017.000000,7045.000000,1660.000000,821.000000,3168.000000,2871.000000,3570.000000,5451.000000,1086.000000,872.000000,6505.000000,4756.000000,3873.000000,3890.000000,5570.000000,6365.000000,1849.000000,2226.000000,3118.000000,4334.000000,2082.000000,2711.000000,6323.000000,9535.000000,10284.000000,9301.000000,5169.000000,5465.000000,4667.000000,3610.000000,2130.000000,4671.000000,1822.000000,5611.000000,10911.000000,9264.000000,3409.000000,1811.000000,3487.000000,3599.000000,2619.000000,2764.000000,245.000000,447.000000,1706.000000,1871.000000,811.000000,685.000000,7111.000000,9118.000000,6256.000000,3887.000000,13437.000000,15589.000000,3161.000000,3455.000000,6858.000000,14852.000000
Data_28,6254.000000,7232.000000,6540.000000,7081.000000,1798.000000,2135.000000,8595.000000,11017.000000,1490.000000,2412.000000,3168.000000,3284.000000,5988.000000,4743.000000,5473.000000,5384.000000,2428.000000,4065.000000,4343.000000,5154.000000,1175.000000,993.000000,6266.000000,5653.000000,1615.000000,2178.000000,2935.000000,2590.000000,7094.000000,6064.000000,4299.000000,3374.000000,5263.000000,6217.000000,1026.000000,451.000000,3524.000000,3357.000000,3542.000000,3985.000000,1232.000000,749.000000,8231.000000,4912.000000,4504.000000,3367.000000,5446.000000,6464.000000,3002.000000,2483.000000,5738.000000,7087.000000,2458.000000,2475.000000,6139.000000,9354.000000,8353.000000,9296.000000,5360.000000,5030.000000,5420.000000,3614.000000,2572.000000,6642.000000,1479.000000,2941.000000,7947.000000,7033.000000,2471.000000,1590.000000,3688.000000,3328.000000,3036.000000,3112.000000,349.000000,534.000000,1601.000000,1562.000000,1140.000000,912.000000,8729.000000,9977.000000,4623.000000,3219.000000,11665.000000,14657.000000,2467.000000,3108.000000,6922.000000,12296.000000
Data_29,6972.000000,5980.000000,6709.000000,6646.000000,2053.000000,2458.000000,10477.000000,11878.000000,1701.000000,2925.000000,3105.000000,3247.000000,4166.000000,4754.000000,3688.000000,3884.000000,1747.000000,3469.000000,4384.000000,4310.000000,876.000000,734.000000,5953.000000,3922.000000,2029.000000,2697.000000,2374.000000,2163.000000,5751.000000,5075.000000,4640.000000,4073.000000,5262.000000,5932.000000,1340.000000,683.000000,2998.000000,2824.000000,3695.000000,4201.000000,944.000000,760.000000,6782.000000,3807.000000,4535.000000,4115.000000,4897.000000,5343.000000,2985.000000,2625.000000,3716.000000,5100.000000,1070.000000,1376.000000,6244.000000,9257.000000,6993.000000,6695.000000,4673.000000,4496.000000,5569.000000,3135.000000,2660.000000,5525.000000,2100.000000,5422.000000,8843.000000,7986.000000,2131.000000,1183.000000,2652.000000,2483.000000,1709.000000,2681.000000,185.000000,660.000000,1436.000000,1368.000000,755.000000,515.000000,7013.000000,8737.000000,4504.000000,3231.000000,9897.000000,11479.000000,2312.000000,4129.000000,4796.000000,11805.000000
Data_30,8449.000000,6396.000000,8124.000000,9260.000000,2066.000000,2026.000000,10873.000000,12291.000000,2040.000000,2188.000000,3362.000000,3359.000000,4703.000000,5335.000000,4956.000000,4794.000000,1719.000000,3953.000000,6224.000000,6076.000000,1046.000000,903.000000,6852.000000,6807.000000,2711.000000,2625.000000,2472.000000,1958.000000,6415.000000,5549.000000,3484.000000,4104.000000,6108.000000,6039.000000,1369.000000,535.000000,3120.000000,2521.000000,3250.000000,4648.000000,945.000000,677.000000,8164.000000,4084.000000,5625.000000,5629.000000,5324.000000,6284.000000,2575.000000,3499.000000,3222.000000,5800.000000,1769.000000,2299.000000,5816.000000,10757.000000,9727.000000,9049.000000,5818.000000,5903.000000,5535.000000,3940.000000,2281.000000,7288.000000,2202.000000,4639.000000,8525.000000,7783.000000,2409.000000,1101.000000,3109.000000,3059.000000,1433.000000,1727.000000,61.000000,287.000000,1288.000000,1588.000000,1074.000000,566.000000,7951.000000,11017.000000,6204.000000,3257.000000,9705.000000,12094.000000,2845.000000,3310.000000,5727.000000,12255.000000
Data_31,7557.000000,7437.000000,7595.000000,9026.000000,2201.000000,2486.000000,9603.000000,11820.000000,1908.000000,2763.000000,2293.000000,3580.000000,6256.000000,3975.000000,6270.000000,5888.000000,2361.000000,3952.000000,5966.000000,7077.000000,1069.000000,850.000000,7249.000000,5214.000000,1521.000000,2163.000000,3356.000000,2830.000000,8269.000000,6906.000000,3536.000000,3544.000000,6067.000000,6555.000000,1736.000000,1000.000000,3868.000000,3673.000000,4143.000000,2592.000000,1135.000000,684.000000,9731.000000,6688.000000,3801.000000,3923.000000,6614.000000,6859.000000,2944.000000,2895.000000,5764.000000,6587.000000,2415.000000,3245.000000,5663.000000,9926.000000,9077.000000,11585.000000,6692.000000,4880.000000,8694.000000,4493.000000,2772.000000,6229.000000,2613.000000,5160.000000,12624.000000,9234.000000,3147.000000,2174.000000,3471.000000,3184.000000,4131.000000,5261.000000,604.000000,451.000000,1743.000000,1661.000000,862.000000,996.000000,8054.000000,8735.000000,5300.000000,3401.000000,13177.000000,14448.000000,2900.000000,3290.000000,5329.000000,11364.000000
Data_32,6990.000000,6543.000000,6942.000000,7225.000000,2253.000000,2523.000000,7912.000000,8673.000000,2405.000000,2940.000000,3762.000000,2871.000000,5246.000000,3411.000000,6014.000000,5606.000000,2298.000000,5620.000000,3810.000000,4153.000000,1495.000000,1402.000000,5326.000000,4998.000000,2338.000000,2573.000000,3598.000000,2599.000000,6933.000000,5693.000000,3278.000000,3648.000000,5950.000000,5985.000000,1778.000000,1330.000000,3274.000000,3217.000000,3307.000000,3393.000000,1018.000000,778.000000,9450.000000,6577.000000,5322.000000,3963.000000,6223.000000,6791.000000,3205.000000,3337.000000,6359.000000,8320.000000,2378.000000,3257.000000,5628.000000,8955.000000,6783.000000,7385.000000,3742.000000,3806.000000,6907.000000,2632.000000,3427.000000,4873.000000,3276.000000,3763.000000,8603.000000,8171.000000,1708.000000,1226.000000,3032.000000,2762.000000,2159.000000,2503.000000,218.000000,424.000000,1762.000000,1977.000000,556.000000,856.000000,6299.000000,9187.000000,5914.000000,2909.000000,14044.000000,13647.000000,2660.000000,3002.000000,6620.000000,12824.000000
Data_33,8325.486345,8979.792860,5323.626899,6314.219028,2298.130764,2291.684395,11102.797250,11788.261218,2247.634202,1734.073424,1741.594188,3027.644925,5107.673517,3301.615633,3968.814887,3675.505070,2068.210248,2860.039315,3183.432190,4053.692087,379.261412,494.221670,3807.655647,4168.652345,1282.827551,1363.407172,1287.125131,1764.156482,5235.526514,4019.311449,2868.634474,3925.839090,4616.675032,6110.083991,1121.668311,492.072880,1756.635717,1316.133794,2468.959559,2708.549629,310.500136,313.723321,7738.866711,5286.023076,4767.090323,3286.574104,5899.502584,4843.372363,2635.490774,3349.963405,7088.857776,5928.511247,2347.552931,2449.620450,5918.841693,6625.793559,9023.843052,8661.771960,5833.964493,3700.216153,8859.460627,3303.764423,2747.227847,5412.801679,2206.807195,3476.742007,7287.620839,6861.086050,2372.264015,2245.485412,3887.160872,3898.979216,1517.045647,1204.396721,103.141914,149.340896,1170.016083,1094.808438,380.335807,290.086632,3534.759334,5842.559652,973.401810,796.126646,9732.943709,12220.167982,932.574803,403.972495,7300.513578,6983.567072
Data_34,5734.061064,5304.379657,5863.072107,6251.171443,1633.429072,1432.982162,7428.263933,8410.240549,1644.091142,1599.310449,1936.231851,2495.990508,3210.349175,3167.700896,4672.118926,4021.732676,2654.855346,3323.367113,4479.135465,4786.203071,801.787639,656.783491,4254.165795,3757.313349,1103.524210,1221.873183,1325.295259,1294.375257,4679.582374,4450.347877,3167.700896,3366.015392,4458.877532,5307.578277,814.582122,463.800030,2148.407037,1709.129767,2290.212563,2540.771200,703.696598,709.027632,4472.738223,2822.249839,2511.983612,2984.313298,4880.029284,4208.318895,1721.924250,2083.368412,6805.599065,3385.207118,2064.176686,1701.666318,5158.309302,5514.422429,6439.890076,6547.576979,3697.605759,2849.971221,6079.512121,2615.405688,2372.310500,3556.866439,2486.394645,2746.549145,6928.212866,5057.019640,1510.815271,938.262130,2957.658124,2997.107782,3390.538152,3214.614003,303.868985,267.617949,2022.594615,1928.768402,613.069006,604.539350,6194.662473,6787.473546,2068.441514,1255.991806,10862.516571,10238.785496,1047.015241,1085.398692,5193.494132,6807.731479
Data_35,5182.593429,6813.313985,3997.201574,3857.364059,1747.968934,1930.833376,7611.463492,7709.349753,2233.097542,1169.256758,1888.882122,1709.244699,4546.870574,2539.664402,5939.867355,2151.346380,2326.681110,2515.999591,3466.894691,3772.385877,712.095652,609.906699,2960.252619,2158.876092,1127.305503,1186.467529,1211.208012,1684.504216,5107.296306,3583.067396,3036.625415,2577.312963,4013.336672,3887.482909,873.446630,348.518114,2790.296255,2200.827347,2996.825507,3089.333402,700.263247,539.987941,4457.589699,3153.873793,2449.307854,2623.566910,5733.338103,4308.071126,1812.509325,1844.779521,5075.026110,4042.379848,1957.725206,1430.645343,7037.054009,5197.652854,6340.017782,7241.431915,3900.390987,2840.852895,4984.669562,1410.207552,1887.806448,2394.448521,3290.484288,2557.950846,6863.870625,4547.946247,1829.720096,1489.807368,2765.555771,2846.231261,1919.000971,1646.855654,115.097031,84.978182,1373.634664,1400.526493,402.301773,319.474937,4332.811609,3916.526085,1766.255378,743.290174,9748.826121,6830.524757,1928.682030,409.831485,6614.314445,5102.993613
Data_36,4412.132522,6980.051719,4287.392729,3947.584326,1925.939397,1510.856981,6325.167803,7799.463120,1927.014740,1658.178979,2319.514953,2251.768341,3700.255425,3578.741661,4335.783166,3580.892347,2236.713538,3520.673136,3595.947149,3397.008686,619.397595,575.308530,4000.276135,2224.884764,1026.952610,1245.247249,1425.904880,1365.685670,5681.037318,4520.742170,3235.707229,2830.302900,4707.851860,4401.379092,876.404583,402.178300,1973.254491,1356.007582,3196.994879,2992.679700,529.068779,375.294723,5591.783845,3329.262074,3916.399377,3290.549724,4821.838223,4393.851690,2121.651832,1746.357108,5988.585429,3477.659414,1603.336483,1548.493988,7141.353176,5960.626510,5567.050955,7051.024360,5014.324629,2943.213920,3781.981497,2703.412420,1986.158608,3462.604612,2100.144971,3192.693507,9537.217485,5092.824671,2766.857660,1318.370576,2318.439610,2991.604357,2360.377988,2258.220399,129.041166,166.678172,1782.918772,1505.480266,465.623539,341.959089,4853.023171,6290.756825,929.096393,1348.480181,10701.814005,8268.312689,854.897722,1076.418390,6343.448635,5272.406960
Data_37,9011.000000,7779.000000,7730.000000,8083.000000,1959.000000,2676.000000,11578.000000,12037.000000,2060.000000,3297.000000,2502.000000,3015.000000,6013.000000,5618.000000,5922.000000,5820.000000,2310.000000,4260.000000,6540.000000,6708.000000,1279.000000,1164.000000,6473.000000,6783.000000,2384.000000,2742.000000,3484.000000,2647.000000,7550.000000,6654.000000,4410.000000,3662.000000,6045.000000,7228.000000,1861.000000,1036.000000,3164.000000,2931.000000,3408.000000,3860.000000,963.000000,574.000000,8985.000000,4849.000000,5000.000000,3527.000000,6044.000000,6678.000000,3511.000000,3211.000000,4073.000000,6976.000000,1469.000000,2831.000000,6505.000000,11712.000000,8750.000000,8306.000000,7510.000000,5659.000000,5970.000000,3752.000000,2548.000000,6333.000000,1976.000000,5924.000000,8889.000000,7281.000000,2309.000000,1424.000000,3458.000000,3016.000000,2014.000000,2885.000000,208.000000,370.000000,1556.000000,1705.000000,904.000000,841.000000,9349.000000,9719.000000,6022.000000,3129.000000,11970.000000,17021.000000,4078.000000,3220.000000,7322.000000,13291.000000
Data_38,8499.000000,8961.000000,7726.000000,9471.000000,2222.000000,2181.000000,11582.000000,15951.000000,2088.000000,2908.000000,4424.000000,3056.000000,7004.000000,5339.000000,7355.000000,5750.000000,3005.000000,5150.000000,6228.000000,5994.000000,1401.000000,1154.000000,8443.000000,6570.000000,2359.000000,2176.000000,3299.000000,2043.000000,9582.000000,7928.000000,4320.000000,4134.000000,7347.000000,7838.000000,1973.000000,865.000000,3564.000000,3694.000000,4479.000000,3480.000000,1207.000000,944.000000,10731.000000,7523.000000,5980.000000,5435.000000,7016.000000,7115.000000,4073.000000,3051.000000,6086.000000,7000.000000,2555.000000,4245.000000,8115.000000,11894.000000,10148.000000,12384.000000,6591.000000,6465.000000,8140.000000,4110.000000,3082.000000,9460.000000,2589.000000,5258.000000,11115.000000,10782.000000,2599.000000,1907.000000,3184.000000,3013.000000,2350.000000,2692.000000,121.000000,504.000000,1290.000000,1358.000000,1114.000000,877.000000,9989.000000,13079.000000,7175.000000,3782.000000,15689.000000,16233.000000,3784.000000,3394.000000,9409.000000,15194.000000
Data_39,5622.534090,6502.889115,6147.545814,6732.314970,1710.556490,2590.911515,8961.480601,9914.398222,1784.186183,2800.062527,1544.089358,2077.637858,3815.938870,3098.849686,5032.429449,4894.773937,2377.492115,3071.105164,3783.925960,5091.119784,783.249198,685.076274,5323.746930,3191.687125,1157.800244,2012.544941,1784.186183,1768.179728,5262.922401,4428.452548,3050.830321,3263.182624,4258.784125,5177.554641,813.127914,553.823343,1918.640405,1752.173273,2288.923064,2637.863783,423.637509,489.797523,4416.714481,3665.478193,2907.839324,2723.231543,4044.297628,4646.140336,2060.564306,2098.979798,6640.544628,4671.750664,2002.941068,2093.644313,6567.982032,6145.411620,5323.746930,6613.867203,3627.062701,3439.253629,4682.421634,1885.560398,2247.306281,3518.218807,2650.668947,2632.528298,6142.210329,5988.548361,1607.048081,1450.184822,3474.467830,3391.234264,2812.867691,2784.056072,372.416853,244.365213,1949.586218,2161.938521,539.951082,594.373029,4987.611375,6800.609178,1896.231368,2334.808235,8805.684440,8401.254677,1806.595220,1500.338381,6477.278787,6565.847838
